article;brand;name;product_type;country;price_actual;price_loyalty;url;popularity_coefficient;description;application
19000121300;SIGNATURE BY SILLAGE DORIENT;SIGNATURE BY SILLAGE DORIENT Ambre;подарочные наборы;Франция;19574;17616;https://goldapple.ru/19000121300-ambre;59.22;В изысканный набор входят парфюмерная вода AMBRE (100 мл) и её миниатюра в тревел-формате (15 мл).  Аромат SIGNATURE by Sillage d'Orient посвящен красоте янтаря, который ценили на протяжении веков: древние египтяне верили в его способность защищать, а древние греки считали янтарь слезами богинь. Аристократический камень вдохновил на создание благородной и насыщенной парфюмерной композиции, в которой чувственный амбровый аккорд обрамляют бальзамические ноты и нежная сладость ванили.  В интернет-магазине представлен актуальный дизайн товара. При заказе вы можете получить товар как в старом, так и в новом дизайне.;Распылять на кожу с расстояния 20-30 см.
19000121303;SIGNATURE BY SILLAGE DORIENT;SIGNATURE BY SILLAGE DORIENT Rose;подарочные наборы;Франция;19574;17616;https://goldapple.ru/19000121303-rose;47.0;В изысканный набор входят парфюмерная вода ROSE (100 мл), её миниатюра в тревел-формате (15 мл) и распылитель.  Королевский аромат SIGNATURE by Sillage d'Orient – это гармония силы и страсти, тонкая грань между желанием и контролем. Необузданная и насыщенная, но вместе с тем красивая и нежная композиция способна и успокоить, и взволновать. Роскошная, чувственная роза кружится в волнующем танце с нежной, соблазнительной нотой ванили.  Эта композиция достойна императрицы или богини, ведь сама Клеопатра любила и использовала розы, а древние греки украшали розами храмы в честь Афродиты, богини красоты и любви.  Обращаем внимание, в зависимости от партии товар может поступать в разном дизайне, отличающимся от фото в карточке товара. На свойство и качество продукта это не влияет.;Распылять на кожу с расстояния 20-30 см.
19000341966;Maison Francis Kurkdjian;MAISON FRANCIS KURKDJIAN Baccarat Rouge 540;подарочные наборы;Франция;25000;25000;https://goldapple.ru/19000341966-baccarat-rouge-540;22.08;Откройте для себя парфюмерный набор из линии культового аромата Baccarat Rouge 540:  эксклюзивный набор для идеального ухода за телом, состоящий из дымки для волос, парфюмированное масло для тела и парфюмерной воды, каждый объемом 35 мл.;
19000360586;GUCCI;GUCCI Flora Gorgeous Jasmin;подарочные наборы;Испания;16290;11403;https://goldapple.ru/19000360586-flora-gorgeous-jasmin;7.0;Погружение в мир чарующей женственности с Gucci Flora Gorgeous Jasmine. Этот изысканный набор включает в себя парфюмерную воду объемом 50 мл и удобную миниатюру 10 мл, идеально подходящую для поездок.  Аромат воплощает в себе нежные ноты жасмина, создавая ауру утонченной элегантности и грации.  Восхитительный цветочный аромат с оттенками фруктов и теплых древесных аккордов идеально подходит для тех, кто хочет подчеркнуть свою неповторимую индивидуальность и создать вокруг себя ауру волшебства и очарования.;Нанесите парфюмерную воду на чистую кожу в области запястий, шеи и за ушами. Для более стойкого эффекта используйте парфюмерную воду в дорожном формате в качестве легкого освежения в течение дня.
19000444981;Moschino;MOSCHINO TOY 2;подарочные наборы;Италия;16900;12675;https://goldapple.ru/19000444981-toy-2;4.8;"Парфюмерная вода MOSCHINO ""TOY 2"" женская. Объем: 100 мл. Парфюмерная вода MOSCHINO ""TOY 2"" женская. Объем: 10 мл. Парфюмированный гель для душа MOSCHINO ""TOY 2"". Мгновенно обволакивая парфюмерной вуалью, гель для душа продлевает момент наслаждения вместе с ароматом TOY 2 от MOSCHINO. Объем: 100 мл. Парфюмированный лосьон для тела MOSCHINO ""TOY 2"". Лосьон для тела питает и смягчает кожу, придавая ей мягкость и тонкий аромат. Объем: 100 мл.";"Парфюмированный гель для душа MOSCHINO ""TOY 2"": Нанесите на влажную кожу, вспеньте круговыми движениями, затем смойте водой. Парфюмированный лосьон для тела MOSCHINO ""TOY 2: Наносить утром и/или вечером круговыми движениями на очищенную кожу всего тела."
19000475519;Loewe;LOEWE Solo cedro & Solo elixir;подарочные наборы;Франция;16540;16540;https://goldapple.ru/19000475519-solo-cedro-solo-elixir;;В этот эксклюзивный подарочный набор входят: Туалетная  вода LOEWE Aire Sutileza 100 мл, миниатюра туалетной воды LOEWE Aire Sutileza 10 мл и комплиментарный аромат парфюмерная вода LOEWE Solo Ella Elixir объемом 10 мл.;Небольшое количество нанести на тело, избегая попадания в глаза.
19000121296;SIGNATURE BY SILLAGE DORIENT;SIGNATURE BY SILLAGE DORIENT Jade;подарочные наборы;Франция;19574;17616;https://goldapple.ru/19000121296-jade;;В изысканный набор входят парфюмерная вода JADE (100 мл), её миниатюра в тревел-формате (15 мл) и распылитель.  Цитрусовая и сладкая композиция SIGNATURE by Sillage d'Orient – это воплощение чистоты, идеальный баланс сладости и тепла. Jade переводится как нефрит, и флакон парфюмерной воды таит ту же магию, что и этот удивительный камень. Согласно китайской пословице, золото ценно, но именно нефрит – бесценен.  Неповторимую красоту нефрита и бессмертный дух Востока отражают цитрусовые ноты бергамота, лимона и мандарина, которые окутывают свежестью и сладостью, а затем уступают место теплым нотам ванили, амбры и мускуса.;Распылять на кожу с расстояния 20-30 см.
19000475518;Loewe;LOEWE Solo ella & Solo ella elixir;подарочные наборы;Франция;18960;18960;https://goldapple.ru/19000475518-solo-ella-solo-ella-elixir;;В этот эксклюзивный подарочный набор входят: Парфюмерная вода LOEWE Solo Ella 100 мл, миниатюра парфюмерной воды LOEWE Solo Ella 10 мл и комплиментарный аромат парфюмерная вода LOEWE Solo Ella Elixir объемом 10 мл.;Небольшое количество нанести на тело, избегая попадания в глаза.
19000444984;Moschino;MOSCHINO TOY 2 BUBBLE GUM;подарочные наборы;Италия;13200;9900;https://goldapple.ru/19000444984-toy-2-bubble-gum;;Туалетная вода MOSCHINO TOY 2 BUBBLE GUM женская. Объем: 50 мл. Парфюмированный гель для душа и ванны MOSCHINO TOY 2 BUBBLE GUM. Гель для душа мягко и эффективно очищает кожу тела, оставляя на ней нежный аромат. Парфюмерная композиция, в которой ярко звучат роза и игривые ноты жевательной резинки, поднимает настроение и вдохновляет. Объем: 50 мл. Парфюмированный лосьон для тела MOSCHINO TOY 2 BUBBLE GUM. Лосьон для тела увлажняет и смягчает кожу, оставляя на ней нежный аромат. Композиция с игривыми нотами жевательной резинки поднимает настроение и вдохновляет. Объем: 50 мл.;"Парфюмированный гель для душа и ванны MOSCHINO ""TOY 2 BUBBLE GUM"": Нанесите на влажную кожу тела, вспеньте и распределите круговыми массажными движениями или добавьте в ванну, затем смойте водой. Парфюмированный лосьон для тела MOSCHINO ""TOY 2 BUBBLE GUM"": Нанесите на чистую кожу тела и распределите круговыми массажными движениями до полного впитывания."
